job,firm,functional_area,type
Senior Infrastructure & Cloud Services Advisor,West Monroe,Cloud IT Architecture,Job
Senior 3D/Motion Designer,Yonder Consulting,Marketing Digital,Job
Manager - Technology,First Consulting,Mobile & Apps Project Management Business Intelligence Cloud IT Architecture Software More,Job
HR Manager,BearingPoint,Human Resources,Job
"Analyst, satellite and space markets",Analysys Mason,Strategy Digital Innovation IT Strategy Data Science,Job
"PH-4804; Test Automation Manager, Python / Azure",B2E Consulting,Unknown,Job
Director Client Services - Life Sciences,Genioo,Strategy Management Sales,Job
Internships,Simon-Kucher,Pricing,Internship
Senior Business Development Manager,Ayming,Sales,Job
PMO Lead,ThreeTwoFour,Project Management,Job
M&A Managing Partner UK,Marktlink,Unknown,Job
Senior Consultant - Local Government Strategy,Campbell Tickell,Strategy,Job
Data Scientist,Digital Power,Data Science,Job
Director - Supply Chain Strategy & Transformation,Capgemini Invent,Strategy Supply Chain,Job
Consultants and Senior Consultants,Procura Consulting,Project Management Supply Chain Finance,Job
Sourcing & Commercial Role,Coeus Consulting,Project Management IT Strategy IT Architecture Outsourcing & Shared Services,Job
Management Consultants,Collinson Grant,Process Management Performance Management Supply Chain Change Management,Job
Experienced Hire,Fairgrove Partners,Strategy Mergers & Acquisitions,Job
Internship / Work Placement,Skarbek Associates,Marketing Digital Project Management Data Science,Internship
,Alvarez & Marsal,Management Mergers & Acquisitions Ecommerce Mobile & Apps Corporate Governance Lean & Six Sigma,Job
AWS Principal Architect,PA Consulting,Unknown,Job
Associate,McKinsey & Company,Strategy Digital,Job
Healthcare consultant,Develop Consulting,Lean & Six Sigma Change Management,Job
Independent Consultant ,dss+,Sustainability,Job
Principal Consultants,Q5,Strategy Sales Project Management,Job
Strategy& - Strategy Senior Associate,PwC,Strategy,Job
Analyst,Change Management Group,Process Management Change Management Data Science,Job
Analyst,Enfuse Group,Digital Innovation Process Management,Job
Consultant Roles (at all levels) – IT Advisory,Mason Advisory,Digital IT Strategy Data Science Cloud IT Architecture,Job
Intermediate Quantity Surveyor,Panoptic Consultancy Group,Project Management Risk & Compliance,Job
Consultant Treasury Technology,Zanders,Corporate Finance Finance,Job
Data Engineer,Valcon,Data Science Business Intelligence IT Architecture Software,Job
Senior Analyst,CIL Management Consultants,Strategy Data Science,Job
Senior Consultant | Energy & Natural Resources | Strategic Communications,FTI Consulting,Unknown,Job
Associate Consultant,Bain & Company,Strategy,Job
Senior Strategist,The Upside,Strategy Marketing Innovation,Job
Business Analyst,Humatica,Data Science,Job
Business Development Manager UK,COMATCH,Sales,Job
Operational Technology Cyber Security Expert | Senior Manager | Dublin or Cork,PwC,IT Strategy Cyber Security,Job
 Marketing Executive/Manager,Panoptic Consultancy Group,Marketing,Job
Manager,CIL Management Consultants,Strategy Mergers & Acquisitions Data Science,Job
Internship Business Development UK,COMATCH,Sales,Internship
Technology and Architecture Roles ,Coeus Consulting,Digital IT Strategy Business Intelligence Cloud IT Architecture,Job
Manager and Senior Manager,Procura Consulting,Project Management Procurement,Job
Senior Manager Treasury Technology,Zanders,Corporate Finance Finance,Job
Consulting Roles,Q5,Strategy Process Management Human Resources Change Management,Job
Consultant Data Governance & Data Quality,Valcon,Data Science,Job
Consultant,Enfuse Group,Digital Innovation Project Management Process Management,Job
Customer Experience Specialist,Digital Power,CRM,Job
"Experienced Consultant, Mergers & Acquisitions",West Monroe,Mergers & Acquisitions,Job
Business Development Manager – R&D Incentives,Ayming,Sales Finance Data Science,Job
Consultant,Bain & Company,Strategy,Job
PH-4779; German Speaking PMO Consultant,B2E Consulting,Unknown,Job
Principal consultant,Change Management Group,Strategy Project Management Change Management,Job
Business Analyst,McKinsey & Company,Strategy Digital,Job
Principal Strategist,The Upside,Strategy Marketing Innovation,Job
GCP Cloud Engineer,PA Consulting,Cloud,Job
Associate Director,Yonder Consulting,Project Management Data Science,Job
Marketing Assistant,ThreeTwoFour,Marketing,Job
Independent Consultants,Fairgrove Partners,Strategy Mergers & Acquisitions,Job
Consultant Business & Technology,First Consulting,Digital Process Management Cloud IT Architecture Agile,Job
Manufacturing and construction consultant,Develop Consulting,Lean & Six Sigma Change Management,Job
"Director, Business Intelligence | Forensic & Litigation Consulting",FTI Consulting,Forensic & Litigation Business Intelligence,Job
Marketing Executive,Genioo,Marketing,Job
Supply Chain Operations Analyst,BearingPoint,Supply Chain,Job
Associate Consultant,Analysys Mason,Digital IT Strategy Data Science,Job
Programme Director - Energy & Utilities,Capgemini Invent,Management Mergers & Acquisitions Ecommerce Mobile & Apps Corporate Governance Lean & Six Sigma,Job
Cyber | Incident Response - Senior Manager,PwC,Cyber Security,Job
Cyber Security Consultant - Manager,ThreeTwoFour,Project Management Cyber Security,Job
"Consultant, Business Intelligence | Forensic & Litigation Consulting",FTI Consulting,Forensic & Litigation Business Intelligence,Job
Supply Chain Operations Consultant,BearingPoint,Supply Chain,Job
Senior Data Principal,Valcon,Project Management Data Science Business Intelligence Cloud IT Architecture,Job
Generalist role,Coeus Consulting,Strategy Project Management IT Strategy,Job
Senior Statistical / Data Analyst,Yonder Consulting,Data Science,Job
Consultant,Change Management Group,Strategy Supply Chain Change Management,Job
Senior Consultant,Enfuse Group,Digital Innovation Project Management Process Management,Job
Data Analyst,Digital Power,Data Science,Job
Contracts Manager,Panoptic Consultancy Group,Project Management,Job
Consultant: Operations Performance,Ayming,Procurement Supply Chain,Job
RE-4803; Procurement Consultant with SC Clearance,B2E Consulting,Procurement,Job
Junior Associate,McKinsey & Company,Strategy Digital,Job
Junior Talent Acquisition Specialist,Zanders,Recruitment,Job
Director - Energy Transition,Capgemini Invent,Unknown,Job
Project Manager - Life Sciences,Genioo,Project Management,Job
Lean consultant,Develop Consulting,Lean & Six Sigma Change Management,Job
Strategy Director,The Upside,Strategy Marketing Innovation,Job
"Managing Director, Mergers & Acquisitions",West Monroe,Mergers & Acquisitions,Job
Networks Consultant,PA Consulting,Unknown,Job
Business Analytics Engineer,Valcon,Data Science,Job
Managing Consultant - Networks/Telecoms,PA Consulting,Unknown,Job
"Transactions Tax, Senior Consultant ",FTI Consulting,Management Mergers & Acquisitions Ecommerce Mobile & Apps Corporate Governance Lean & Six Sigma,Job
"PH-4762; Senior Project Manager - Sales Expansion, EMEA",B2E Consulting,Sales,Job
Senior Consultant - Cyber Security,ThreeTwoFour,Cyber Security,Job
Salesforce System Administrator,Genioo,Data Science ERP,Job
Deals | Forensic Accounting - Senior Manager,PwC,Forensic & Litigation,Job
"Director, Research Practice",Yonder Consulting,Strategy Management Project Management Data Science,Job
Director - ER&D Strategy & Transformation (Discrete/ Process industries),Capgemini Invent,Strategy Lean & Six Sigma,Job
"Senior Consultant, Mergers & Acquisitions",West Monroe,Mergers & Acquisitions,Job
Senior Consultant Treasury Technology,Zanders,Corporate Finance Finance,Job
Innovation Consultants: All levels,Ayming,Finance Data Science Software,Job
Technical Web Analyst,Digital Power,Digital,Job
Cyber Security Consultant,BearingPoint,Cyber Security,Job
Senior Project Manager - Life Sciences,Genioo,Project Management,Job
Consultant- Programme and Change Acceleration,Capgemini Invent,Change Management,Job
"MM-4797; Data Analyst, S&P",B2E Consulting,Data Science,Job
Data Engineer,Digital Power,Data Science,Job
"Tax Depreciation, Senior Consultant",FTI Consulting,Finance,Job
Manager | Portfolio & Programme Management | Advisory | Dublin/Cork,PwC,Management,Job
Accounts Receivable Specialist,Yonder Consulting,Finance General,Job
Cyber Security Analyst,ThreeTwoFour,Risk & Compliance Cyber Security IT Architecture,Job
Lead Technical Reviewer,PA Consulting,Unknown,Job
Business & Technology Consultant,Valcon,Process Management Cloud Agile,Job
Management Consultants: All levels,Ayming,Change Management,Job
Identitiy & Access Management Project Manager,ThreeTwoFour,Project Management ERPSoftware,Job
Business Development Director,Yonder Consulting,Sales Marketing,Job
Senior Python Specialist,Valcon,Software,Job
"Transactions Tax, Senior Director",FTI Consulting,Unknown,Job
Vice President Client Services - Life Sciences,Genioo,Strategy Management Sales,Job
Cyber Security Consultant | Cyber Consulting | Dublin or Cork,PwC,Cyber Security,Job
Manager/Senior Manager - Energy & Utilities - Programme Management & Project Controls,Capgemini Invent,Management,Job
Wireless Technology Intellectual Property (IP) Specialist,PA Consulting,Property Management IT Strategy,Job
MM-4810; Senior Professional Services / Consultancy Procurement Manager,B2E Consulting,Procurement,Job
"Associate Director, Research Practice",Yonder Consulting,Strategy Innovation Data Science,Job
Consultant / Senior Consultant - DevOps Architect - Business Technology (London/Manchester/Glasgow),Capgemini Invent,IT Strategy Software,Job
Consultant Business & Technology,Valcon,Process Management Agile,Job
GCP Cloud Engineer,PA Consulting,Cloud,Job
PH-4808; Platform Engineer - AWS & Terraform,B2E Consulting,Unknown,Job
"Consultant - Valuations, Disputes and Arbitration | Economic and Financial Consulting",FTI Consulting,Unknown,Job
Supply Chain Manager - Advisory Consulting - Dublin,PwC,Supply Chain,Job
PH-4806; Senior Back End Developers,B2E Consulting,Unknown,Job
"Associate Director, Consulting Practice",Yonder Consulting,Strategy Sales,Job
Senior Director | Industrials & Special Situations | Strategic Communications,FTI Consulting,Unknown,Job
Senior Manager | Operational Excellence | Advisory | Dublin/Cork,PwC,Unknown,Job
Resource Co-ordinator,PA Consulting,Unknown,Job
Cloud Economics - Managing Consultant / Senior Manager (London/Manchester/Glasgow),Capgemini Invent,Cloud,Job
Senior DevOps Specialist,Valcon,Software,Job
Full Stack Engineer,PA Consulting,Unknown,Job
CyberArk Architect - Manager,PwC,Unknown,Job
Senior Director | Analytics | Strategic Communications | London,FTI Consulting,Management Mergers & Acquisitions Ecommerce Mobile & Apps Corporate Governance Lean & Six Sigma More,Job
Cloud Strategy - Managing Consultant / Senior Manager (London/Manchester/Glasgow),Capgemini Invent,Strategy Cloud,Job
"MM-4817; Business Analysts, Fixed Voice IMS & Mobile",B2E Consulting,Mobile & Apps,Job
Full Stack Engineer,PA Consulting,Unknown,Job
Cloud Operating Model - Managing Consultant / Senior Manager (London/Manchester/Glasgow),Capgemini Invent,Cloud,Job
"Senior Consultant, Managed Document Review | Technology",FTI Consulting,IT Strategy,Job
Cyber | Azure IAM architect - Senior Manager,PwC,Cyber Security,Job
Physicist - Defence & Security,PA Consulting,Cyber Security,Job
SAP Implementation Lead | Senior Manager | Technology Consulting | Advisory | Dublin/Cork,PwC,IT Strategy ERP,Job
Manager/Senior Manager - Energy & Utilities - Equipment & Asset Management Advisory,Capgemini Invent,Management Mergers & Acquisitions Ecommerce Mobile & Apps Corporate Governance Lean & Six Sigma,Job
Senior Consultant I |Regulated Industries & Energy Markets| Economic & Financial Consulting,FTI Consulting,Unknown,Job
"Director, Export Controls & Sanctions | Forensic & Litigation Consulting",FTI Consulting,Forensic & Litigation,Job
SAP Solution Architect | Senior Manager | Technology Consulting | Advisory | Dublin/Cork,PwC,IT Strategy ERP,Job
Manager/Senior Manager - Energy & Utilities - Digital Engineering (London/Manchester/Glasgow),Capgemini Invent,Digital,Job
Third Party Risk Management Consultant,PA Consulting,Management Risk & Compliance,Job
Digital Workplace - Low Code No Code Consultant (London/Manchester/Glasgow),Capgemini Invent,Digital,Job
Technical Support Engineer | Technology,FTI Consulting,IT Strategy,Job
Solution Architect,PA Consulting,Unknown,Job
Finance Transformation - Senior Associate,PwC,Finance,Job
Senior Manager - Energy & Utilities - Transformation (Digital Strategy/Platform Architecture),Capgemini Invent,Unknown,Job
Finance Transformation - Manager,PwC,Finance,Job
Revenue Accountant | Finance & Accounting | Core Operations,FTI Consulting,Finance,Job
AWS Engineer,PA Consulting,Unknown,Job
Senior Revenue Accountant | Finance & Accounting | Core Operations,FTI Consulting,Finance,Job
Manager/Senior Manager - Energy & Utilities - Customer Experience (London/Manchester/Glasgow),Capgemini Invent,Unknown,Job
GCP-Cloud Architect,PA Consulting,Unknown,Job
Advisory Senior Manager | Portfolio and Programme Management | Dublin/Cork,PwC,Management,Job
Data Scientist,PA Consulting,Data Science,Job
Manager/Senior Manager - Energy & Utilities - Sector Transformation,Capgemini Invent,Unknown,Job
Consultant | Industrials & Special Situations | Strategic Communications,FTI Consulting,Unknown,Job
Financial Services Advisory | Senior Associate | Banking (Risk),PwC,Unknown,Job
AWS Alliance Manager,PA Consulting,Unknown,Job
Financial Services Advisory | Senior Associate | Banking (Digital Banking),PwC,Unknown,Job
Consultant / Senior Consultant - Digital Business Architect (London/Manchester/Glasgow),Capgemini Invent,Digital,Job
Team Assistant | Regional Leads | Core Operations,FTI Consulting,Unknown,Job
Service Designer - Digital Factory (London/Manchester/Glasgow),Capgemini Invent,Digital,Job
Software Engineer - C ++,PA Consulting,Software,Job
"Consultant - Valuations, Disputes and Arbitration | Energy |Economic and Financial Consulting",FTI Consulting,Management Mergers & Acquisitions Ecommerce Mobile & Apps Corporate Governance Lean & Six Sigma,Job
Financial Services Advisory | Manager | Banking (Risk),PwC,Unknown,Job
DevOps Engineer Consultant (London/Manchester/Glasgow),Capgemini Invent,Software,Job
Hardware Engineer,PA Consulting,Unknown,Job
Financial Services Advisory | Senior Associate | Banking (Retail Banking Operations),PwC,Unknown,Job
Benefits Advisor | Human Resources | Core Operations,FTI Consulting,Human Resources,Job
"Finance Associate - Accounts Payable, 12 month contract",PA Consulting,Finance,Job
Marketing Executive | Forensic & Litigation Consulting,FTI Consulting,Marketing Forensic & Litigation,Job
Financial Services Advisory | Manager | Banking (Transaction Enablement and Migration),PwC,Unknown,Job
Cloud Operating Model - Consultant / Senior Consultant (London/Manchester/Glasgow),Capgemini Invent,Cloud,Job
Financial Services Advisory | Manager | Banking (Corporate Banking Operations),PwC,Unknown,Job
Cloud Strategy - Consultant / Senior Consultant (London/Manchester/Glasgow),Capgemini Invent,Strategy Cloud,Job
PR Manager,PA Consulting,Unknown,Job
"Executive Assistant, Business Transformation, London",FTI Consulting,Unknown,Job
"Director, Managed Document Review | Technology",FTI Consulting,IT Strategy,Job
Lead Software Engineer,PA Consulting,Software,Job
Advisory - Asset & Wealth Management - Senior Manager,PwC,Management,Job
Cloud Economics - Consultant / Senior Consultant (London/Manchester/Glasgow),Capgemini Invent,Cloud,Job
Dynamics 365 CRM Developer,PA Consulting,CRMSoftware,Job
Cloud Security Senior Manager | Cyber Advisory | Dublin or Cork,PwC,Cyber Security Cloud,Job
Manager/Senior Manager - Energy & Utilities - Water (London/Manchester/Glasgow),Capgemini Invent,Unknown,Job
EMEA Benefits Manager | Human Resources | Core Operations,FTI Consulting,Human Resources,Job
Manager/Senior Manager - Energy & Utilities - Water (Glasgow),Capgemini Invent,Unknown,Job
"Senior Consultant, Transaction Advisory Services | Corporate Finance & Restructuring",FTI Consulting,Corporate Finance Restructuring Finance,Job
Strategy& - Strategy Senior Manager I Dublin,PwC,Strategy,Job
Commercial & Procurement Specialist,PA Consulting,Procurement,Job
AWS DevOps Engineer,PA Consulting,Software,Job
HR Business Partner (15 month FTC maternity cover),FTI Consulting,Human Resources,Job
Financial Services - Advisory | Senior Manager | Dublin or Cork,PwC,Unknown,Job
Content Designer - Digital Factory (London/Manchester/Glasgow),Capgemini Invent,Digital,Job
"Operations, Project Delivery & Customer Service Specialist - Advisory Operate - Dublin/Cork, Ireland",PwC,Unknown,Job
AWS Engineer,PA Consulting,Unknown,Job
Senior Director | Sustainability Communications | Strategic Communications | London,FTI Consulting,Unknown,Job
Management Consultant -Retail Commercial Transformation - London/Manchester/Glasgow,Capgemini Invent,Management,Job
Full Stack Engineer Consultant (London/Manchester/Glasgow),Capgemini Invent,Unknown,Job
AWS Data Engineer,PA Consulting,Data Science,Job
Technical Business Analyst | Senior Associate | Technology Consulting | Advisory Dublin/Cork,PwC,IT Strategy,Job
Executive Assistant (9-month Fixed Term Maternity Contract) | Financial & Professional Services | Strategic Communications ,FTI Consulting,Management Mergers & Acquisitions Ecommerce Mobile & Apps Corporate Governance Lean & Six Sigma,Job
QA Engineer,PA Consulting,Unknown,Job
Technology Consulting | Senior Associate | Advisory | Dublin/Cork,PwC,IT Strategy,Job
Senior Legal Counsel | Legal & Risk | Core Operations,FTI Consulting,Risk & Compliance,Job
GCP Cloud Architect,PA Consulting,Cloud,Job
"Technology Consulting | Senior Associate, Manager & Senior Manager | Advisory | Cork",PwC,IT Strategy,Job
Legal Counsel (12 month FTC)| Legal & Risk | Core Operations,FTI Consulting,Risk & Compliance,Job
Sustainable Finance Regulation Implementation | Manager Consulting | Dublin or Cork,PwC,Finance,Job
DevOps Engineer,PA Consulting,Software,Job
"Director, Forensic Accounting Advisory Services | Forensic and Litigation Consulting",FTI Consulting,Forensic & Litigation,Job
Supply Chain Senior Manager | Advisory Consulting | Dublin/Cork,PwC,Supply Chain,Job
Senior Consultant | Forensic Accounting Advisory Services | Forensic & Litigation Consulting,FTI Consulting,Forensic & Litigation,Job
Lead Software Engineer,PA Consulting,Software,Job
"Director | Financial Services, Strategic Communications",FTI Consulting,Unknown,Job
Senior Support Enginner,PA Consulting,Unknown,Job
Advisory Senior Associates | Portfolio and Programme Management Dublin,PwC,Management,Job
Marketing Executive | Communications & Marketing | Core Operations,FTI Consulting,Marketing,Job
Technology Solution Architect | Manager | Advisory Consulting - Dublin/Cork,PwC,IT Strategy,Job
Support Engineer,PA Consulting,Unknown,Job
"Consultant | Financial Services, Strategic Communications",FTI Consulting,Unknown,Job
Pre-Sales Application Engineer,PA Consulting,Unknown,Job
MC - AWS Pre-Sales - Alliance,PA Consulting,Unknown,Job
Consultant | Energy | Strategic Communications ,FTI Consulting,Management Mergers & Acquisitions Ecommerce Mobile & Apps Corporate Governance Lean & Six Sigma,Job
"Consultant | Technology, Media & Telecom, Strategic Communications",FTI Consulting,Unknown,Job
IT Sourcing Consultant,PA Consulting,Procurement Supply Chain,Job
MC - Intellectual Property Advisory - Networks,PA Consulting,Property Management,Job
"Consultant - Economics, Econometrics and Disputes | Economic & Financial Consulting",FTI Consulting,Unknown,Job
"Executive Assistant (12 Months FTC)| People and Transformation, Strategic Communications",FTI Consulting,Management Mergers & Acquisitions Ecommerce Mobile & Apps Corporate Governance Lean & Six Sigma More,Job
Operational Resilience Consultant - Financial Services,PA Consulting,Unknown,Job
Data Privacy Specialist,PA Consulting,Data Science,Job
"Director | Financial Services, Strategic Communications",FTI Consulting,Unknown,Job
Senior HR Advisor | Human Resources | Core Operations,FTI Consulting,Human Resources,Job
Cloud security Architect,PA Consulting,Cyber Security Cloud,Job
Digital Campaigns and Social Media Lead,PA Consulting,Digital Social Media,Job
Executive Assistant (12 months fixed term contract)| Economic and Financial Consulting,FTI Consulting,Unknown,Job
Senior Advisor | Human Resources | Core Operations,FTI Consulting,Human Resources,Job
DevOps Engineer,PA Consulting,Software,Job
"Consultant | Financial Services, Strategic Communications",FTI Consulting,Unknown,Job
Lead Software Engineer,PA Consulting,Software,Job
Workday HCM Lead,PA Consulting,Human Resources ERP,Job
"Senior Consultant, e-Discovery | Technology",FTI Consulting,IT Strategy,Job
"Senior Consultant, Restructuring Tax",FTI Consulting,Restructuring Finance,Job
Customer Success & Support Manager,PA Consulting,Unknown,Job
"Consultant/Senior Consultant, Data Science ",FTI Consulting,Management Mergers & Acquisitions Ecommerce Mobile & Apps Corporate Governance Lean & Six Sigma More,Job
Service Desk Analyst,PA Consulting,Unknown,Job
"Senior Director | ESG, Strategic Communications",FTI Consulting,Unknown,Job
Accounts Assistant,PA Consulting,Unknown,Job
Sourcing and Procurement Consultant,PA Consulting,Procurement Supply Chain,Job
"Project Assistant, Business Intelligence | Forensic & Litigation Consulting",FTI Consulting,Forensic & Litigation Business Intelligence,Job
"Senior Consultant/Consultant - Valuations, Disputes and Arbitration | Economic and Financial Consulting",FTI Consulting,Unknown,Job
UX/UI Designer,PA Consulting,Unknown,Job
"Consultant - Valuations, Disputes and Arbitration | Economic and Financial Consulting",FTI Consulting,Unknown,Job
Lead UX/UI Designer,PA Consulting,Unknown,Job
Global Data Privacy Director,FTI Consulting,Data Science,Job
Senior/Principal Fraud Consultant,PA Consulting,Unknown,Job
Hydrogen Technology Expert,PA Consulting,IT Strategy,Job
"Manager, Risk and Compliance | Legal |Core Operations",FTI Consulting,Risk & Compliance,Job
Global Performance Appraisal Specialist,PA Consulting,Performance Management,Job
"Senior Consultant, Life Actuarial Consulting | Forensic & Litigation Consulting",FTI Consulting,Forensic & Litigation,Job
Penetration Tester,PA Consulting,Unknown,Job
"Director, Digital Forensics | Technology",FTI Consulting,Digital Forensic & Litigation IT Strategy,Job
Senior Financial Crime Transformation Consultant,PA Consulting,Unknown,Job
Consultant | Digital and Insights | Strategic Communications,FTI Consulting,Digital,Job
Penetration Tester,PA Consulting,Unknown,Job
Senior Recruiter | Core Operations,FTI Consulting,Unknown,Job
Digital Delivery Lead,PA Consulting,Digital,Job
"Corporate Accountant, Finance & Accounting | Core Operations ",FTI Consulting,Management Mergers & Acquisitions Ecommerce Mobile & Apps Corporate Governance Lean & Six Sigma More,Job
EMEA Senior Recruiter | Core Ops,FTI Consulting,Unknown,Job
Java Engineer,PA Consulting,Software,Job
AWS DevOps Engineer,PA Consulting,Software,Job
Lead Sourcing Specialist (Talent Acquisition),FTI Consulting,Procurement Supply Chain,Job
Java Engineer,PA Consulting,Software,Job
"Real Estate Tax Advisory, Senior Consultant ",FTI Consulting,Management Mergers & Acquisitions Ecommerce Mobile & Apps Corporate Governance Lean & Six Sigma More,Job
AWS Engineer,PA Consulting,Unknown,Job
"Director, Digital Science | Corporate Finance & Restructuring",FTI Consulting,Corporate Finance Restructuring Digital Finance,Job
Managing Director Digital Delivery/Transformation | Corporate Finance & Restructuring,FTI Consulting,Corporate Finance Restructuring Digital Finance,Job
Conduct Risk Consultant – Risk & Regulation,PA Consulting,Risk & Compliance,Job
"Managing Director | Forensic Accounting & Advisory Services, Forensic & Litigation Consulting",FTI Consulting,Management Mergers & Acquisitions Ecommerce Mobile & Apps Corporate Governance Lean & Six Sigma More,Job
Software Development Consultant Apprentice,PA Consulting,Software,Job
"HR Business Partner, Human Resources | Core Operations",FTI Consulting,Human Resources,Job
Financial Crime Technology Consultant,PA Consulting,IT Strategy,Job
Senior Consultant | Capital Markets |Economic and Financial Consulting,FTI Consulting,Unknown,Job
Managing Consultant - Financial Services - Insurance (non-Life),PA Consulting,Unknown,Job
Consultant | Capital Markets | Economic and Financial Consulting,FTI Consulting,Unknown,Job
Managing Consultant - Financial Services - Life and Pensions,PA Consulting,Unknown,Job
VAT Director/Senior Director (Full-time/Part-time),FTI Consulting,Unknown,Job
"Project, Programme and Portfolio Managers and Business Case Experts - PST",PA Consulting,Unknown,Job
QA Engineer,PA Consulting,Unknown,Job
"Director, Clean Energy | Corporate Finance & Restructuring",FTI Consulting,Corporate Finance Restructuring Finance,Job
"Finance Manager, LLP Accounting | Core Operations",FTI Consulting,Finance,Job
Senior Technical Project Administrator,PA Consulting,Unknown,Job
"Senior Director, Transaction Advisory Services | Corporate Finance & Restructuring",FTI Consulting,Corporate Finance Restructuring Finance,Job
Agile Consultant - Lean Portfolio Management,PA Consulting,Management Lean & Six Sigma,Job
Senior Consultant | Analytics | Strategic Communications,FTI Consulting,Data Science,Job
Systems Engineering Consultant,PA Consulting,Unknown,Job
Senior Director | Data Science | Strategic Communications,FTI Consulting,Data Science,Job
Java Engineer,PA Consulting,Software,Job
Commercial Finance Project Administrator,PA Consulting,Finance,Job
"Legal Counsel EMEA, Legal & Risk | Core Operations ",FTI Consulting,Management Mergers & Acquisitions Ecommerce Mobile & Apps Corporate Governance Lean & Six Sigma More,Job
AWS Analytics and Machine Learning Engineer,PA Consulting,Human Resources Data Science,Job
"Senior Consultant (IT), Business Transformation | Corporate Finance & Restructuring ",FTI Consulting,Management+8Mergers & Acquisitions Corporate Finance Restructuring Ecommerce Mobile & Apps More,Job
Commercial Finance Project Administrator,PA Consulting,Finance,Job
" International/Corporate Tax, Senior Director",FTI Consulting,Management Mergers & Acquisitions Ecommerce Mobile & Apps Corporate Governance Lean & Six Sigma,Job
"Consultant, Business Transformation | Corporate Finance & Restructuring ",FTI Consulting,Management+8Mergers & Acquisitions Corporate Finance Restructuring Ecommerce Mobile & Apps More,Job
Data Scientist Consultant,PA Consulting,Data Science,Job
Group Financial Accountant,PA Consulting,Unknown,Job
Enterprise Solutions Director,PA Consulting,Unknown,Job
Cloud Security Controls Expert,PA Consulting,Cyber Security Cloud,Job
Senior Data Analyst,PA Consulting,Data Science,Job
Senior Data Strategist,PA Consulting,Data Science,Job
Data Manager Consultant,PA Consulting,Data Science,Job
Commercial Finance Project Administrator (FTC),PA Consulting,Finance,Job
Systems Architect,PA Consulting,Unknown,Job
Employment Tax Manager,PA Consulting,Finance,Job
AWS Data Engineer,PA Consulting,Data Science,Job
Operational Technology Cyber Security Consultant,PA Consulting,IT Strategy Cyber Security,Job
Senior Data Manager,PA Consulting,Data Science,Job
Data Analyst Consultant,PA Consulting,Data Science,Job
Principal Data Strategist Consultant,PA Consulting,Data Science,Job
IT Strategy Consultant,PA Consulting,Strategy IT Strategy,Job
